IP Address,Login Source,Login Date & Time
131.44.121.129,Web,"Aug 16, 2018, 1:51:39 PM"
131.44.121.128,Web,"Nov 2, 2018, 8:26:18 PM"
131.44.121.129,Web,"Oct 4, 2018, 4:00:49 PM"
70.123.222.205,Web,"Dec 18, 2018, 3:38:41 PM"
131.44.121.130,Web,"Jan 18, 2019, 4:18:08 PM"
131.44.121.128,Web,"Sep 28, 2018, 1:47:54 PM"
131.44.121.128,Web,"Feb 5, 2019, 3:18:36 PM"
131.44.121.128,Web,"May 17, 2019, 12:49:24 PM"
70.123.222.205,Web,"Dec 19, 2018, 9:22:17 PM"
131.44.121.129,Web,"Feb 26, 2019, 4:37:45 PM"
131.44.121.128,Web,"Jun 29, 2018, 6:37:17 PM"
131.44.121.130,Web,"Jan 14, 2019, 4:23:05 PM"
131.44.121.128,Web,"Jun 3, 2019, 4:03:28 PM"
70.123.222.205,Web,"Jan 1, 2018, 3:01:49 PM"
70.123.220.210,Web,"Jan 15, 2016, 11:50:25 PM"
131.44.121.129,Web,"Oct 10, 2018, 8:42:32 PM"
131.44.121.21,Web,"Jan 23, 2018, 4:32:53 PM"
131.44.121.129,Web,"Feb 8, 2019, 4:26:54 PM"
70.123.222.205,Web,"Nov 9, 2018, 2:18:33 AM"
131.44.121.129,Web,"Nov 14, 2018, 10:23:59 PM"
131.44.121.128,Web,"Oct 26, 2018, 8:42:01 PM"
131.44.121.130,Web,"May 20, 2019, 2:03:19 PM"
67.10.163.60,Web,"Oct 18, 2015, 2:14:37 AM"
131.44.121.130,Web,"May 16, 2019, 2:31:59 PM"
70.123.222.205,Web,"Sep 20, 2018, 12:52:13 AM"
131.44.121.128,Web,"May 22, 2019, 2:10:30 PM"
131.44.121.129,Web,"Oct 12, 2018, 3:12:08 PM"
131.44.121.130,Web,"Oct 31, 2018, 4:10:52 PM"
131.44.121.252,Web,"Jan 24, 2018, 3:56:52 PM"
131.44.121.130,Web,"Mar 4, 2019, 3:34:57 PM"
70.123.220.210,Web,"May 12, 2016, 12:35:44 AM"
131.44.121.129,Web,"Apr 5, 2019, 3:19:36 PM"
70.114.13.181,Web,"Nov 14, 2014, 2:01:32 AM"
131.44.121.128,Web,"Nov 27, 2018, 4:54:40 PM"
131.44.121.128,Web,"Aug 17, 2018, 8:30:42 PM"
131.44.121.129,Web,"Nov 16, 2018, 2:14:15 PM"
70.123.222.205,Web,"Apr 16, 2019, 11:56:51 PM"
131.44.121.129,Web,"Oct 11, 2018, 9:22:04 PM"
131.44.121.130,Web,"Oct 10, 2018, 3:11:59 PM"
131.44.121.128,Web,"Jun 10, 2019, 2:11:10 PM"
214.27.75.132,Web,"Jun 29, 2017, 5:19:38 AM"
70.123.222.205,Web,"Nov 11, 2018, 2:39:13 PM"
131.44.121.128,Web,"Nov 9, 2018, 5:46:13 PM"
131.44.121.129,Web,"Oct 29, 2018, 6:52:35 PM"
131.44.121.129,Web,"Feb 6, 2019, 2:26:52 PM"
70.123.222.205,Web,"Dec 30, 2018, 12:47:31 AM"
131.44.121.129,Web,"Sep 27, 2018, 3:12:52 PM"
70.123.222.205,Web,"May 9, 2018, 2:02:04 AM"
70.123.222.205,Web,"Mar 10, 2019, 11:16:09 PM"
70.123.222.205,Web,"Jul 7, 2018, 1:43:58 AM"
70.123.222.205,Web,"Apr 16, 2019, 11:56:56 PM"
180.94.91.210,Web,"Jan 6, 2017, 3:14:58 PM"
131.44.121.130,Web,"Aug 24, 2018, 5:39:28 PM"
131.44.121.129,Web,"Jun 3, 2019, 7:08:07 PM"
131.44.121.129,Web,"Jan 16, 2019, 8:09:58 PM"
131.44.121.128,Web,"Dec 26, 2018, 8:09:17 PM"
131.44.121.129,Web,"Jun 4, 2019, 1:08:48 PM"
131.44.121.130,Web,"May 16, 2019, 2:31:46 PM"
131.44.121.130,Web,"Feb 8, 2019, 3:11:58 PM"
70.123.222.205,Web,"May 5, 2019, 9:52:29 PM"
70.123.222.205,Web,"Dec 19, 2018, 4:50:48 PM"
131.44.121.21,Web,"Jan 10, 2018, 2:56:30 PM"
131.44.121.130,Web,"Apr 5, 2018, 12:34:22 PM"
70.123.222.205,Web,"Sep 26, 2018, 2:00:11 AM"
131.44.121.129,Web,"Oct 24, 2018, 7:30:55 PM"
131.44.121.130,Web,"Feb 7, 2019, 5:50:47 PM"
70.123.222.205,Web,"Aug 18, 2018, 11:58:38 PM"
70.123.222.205,Web,"Jun 7, 2019, 12:22:40 AM"
131.44.121.130,Web,"Oct 17, 2018, 2:49:46 PM"
131.44.121.130,Web,"Oct 15, 2018, 12:37:14 PM"
131.44.121.128,Web,"Nov 2, 2018, 3:03:06 PM"
131.44.121.130,Web,"Apr 5, 2019, 4:17:43 PM"
131.44.121.129,Web,"Oct 9, 2018, 1:30:59 PM"
131.44.121.128,Web,"Nov 8, 2018, 5:42:54 PM"
131.44.121.128,Web,"Oct 3, 2018, 4:53:26 PM"
131.44.121.128,Web,"Nov 15, 2018, 3:48:11 PM"
131.44.121.21,Web,"Nov 6, 2017, 5:06:56 PM"
131.44.121.130,Web,"Oct 16, 2018, 3:10:12 PM"
131.44.121.21,Web,"Jan 8, 2018, 3:35:00 PM"
131.44.121.129,Web,"Nov 6, 2018, 6:19:04 PM"
131.44.121.128,Web,"Mar 5, 2019, 2:23:22 PM"
131.44.121.130,Web,"Apr 5, 2019, 4:17:30 PM"
131.44.121.252,Web,"Jan 9, 2018, 3:30:20 PM"
131.44.121.128,Web,"May 17, 2019, 12:49:33 PM"
70.123.220.210,Web,"Apr 28, 2016, 2:52:03 AM"
131.44.121.130,Web,"Feb 25, 2019, 2:28:35 PM"
107.77.221.172,Web,"Mar 30, 2019, 1:26:53 PM"
131.44.121.128,Web,"Aug 16, 2018, 6:37:02 PM"
131.44.121.129,Web,"Oct 1, 2018, 4:33:38 PM"
70.123.220.210,Web,"Jun 11, 2016, 3:43:05 AM"
180.94.91.210,Web,"Mar 16, 2017, 11:42:45 AM"
131.44.121.130,Web,"Oct 1, 2018, 8:57:56 PM"
131.44.121.130,Web,"Nov 21, 2018, 3:23:37 PM"
131.44.121.130,Web,"Feb 26, 2019, 3:18:35 PM"
131.44.121.129,Web,"Feb 27, 2019, 4:00:03 PM"
131.44.121.130,Web,"Jan 29, 2019, 10:05:37 PM"
107.77.192.168,Web,"Aug 10, 2016, 11:23:55 AM"
180.94.91.210,Web,"Feb 8, 2017, 1:49:51 PM"
131.44.121.130,Web,"Oct 24, 2018, 9:11:27 PM"
131.44.121.21,Web,"Jan 11, 2018, 2:04:25 PM"
131.44.121.128,Web,"Jun 5, 2019, 2:27:18 PM"
132.3.45.83,Web,"Sep 7, 2016, 5:51:29 PM"
131.44.121.129,Web,"Apr 5, 2019, 3:19:22 PM"
131.44.121.130,Web,"Nov 27, 2018, 7:37:41 PM"
70.123.222.205,Web,"May 5, 2019, 9:52:33 PM"
131.44.121.130,Web,"May 30, 2019, 1:18:15 PM"
131.44.121.129,Web,"Oct 11, 2018, 6:40:26 PM"
131.44.121.129,Web,"Jan 4, 2019, 3:46:12 PM"
131.44.121.129,Web,"Oct 2, 2018, 4:29:20 PM"
131.44.121.21,Web,"Jan 26, 2018, 8:41:29 PM"
131.44.121.128,Web,"May 7, 2019, 3:29:28 PM"
131.44.121.129,Web,"Jun 11, 2019, 1:39:41 PM"
214.27.75.132,Web,"Nov 5, 2016, 11:54:56 AM"
131.44.121.128,Web,"May 15, 2019, 3:55:09 PM"
67.10.163.60,Web,"Jun 23, 2015, 1:14:55 AM"
107.77.217.233,Web,"May 26, 2016, 9:52:01 PM"
131.44.121.130,Web,"Oct 29, 2018, 2:46:50 PM"
70.123.222.205,Web,"Nov 22, 2018, 2:28:45 PM"
107.77.221.172,Web,"Mar 30, 2019, 1:26:54 PM"
131.44.121.130,Web,"Feb 20, 2019, 8:29:54 PM"
131.44.121.21,Web,"Jan 29, 2018, 4:44:24 PM"
70.123.220.210,Web,"Jan 6, 2016, 2:29:44 AM"
131.44.121.130,Web,"May 20, 2019, 2:02:49 PM"
131.44.121.129,Web,"Jun 4, 2019, 1:08:56 PM"
131.44.121.129,Web,"Nov 7, 2018, 6:27:30 PM"
131.44.121.129,Web,"Nov 19, 2018, 8:21:30 PM"
131.44.121.129,Web,"Jun 6, 2019, 1:20:27 PM"
131.44.121.129,Web,"Jan 22, 2019, 3:00:01 PM"
131.44.121.129,Web,"Nov 20, 2018, 7:30:56 PM"
131.44.121.21,Web,"Jan 11, 2018, 8:53:46 PM"
131.44.121.129,Web,"Dec 3, 2018, 5:20:59 PM"
70.123.222.205,Web,"Mar 29, 2018, 1:10:55 AM"
131.44.121.129,Web,"Jan 17, 2019, 4:54:39 PM"
131.44.121.128,Web,"Aug 27, 2018, 7:31:32 PM"
131.44.121.128,Web,"Mar 27, 2018, 1:53:50 PM"
131.44.121.130,Web,"Apr 4, 2018, 7:19:16 PM"
70.123.222.205,Web,"May 30, 2019, 12:59:06 AM"
70.123.222.205,Web,"Dec 27, 2018, 10:53:24 PM"
67.10.163.60,Web,"Feb 11, 2015, 12:22:39 AM"
131.44.121.129,Web,"May 29, 2019, 1:56:03 PM"
131.44.121.129,Web,"Nov 13, 2018, 9:41:29 PM"
131.44.121.128,Web,"May 14, 2019, 3:58:49 PM"
131.44.121.128,Web,"Feb 22, 2019, 4:13:59 PM"
131.44.121.130,Web,"May 7, 2019, 3:30:03 PM"
131.44.121.130,Web,"Nov 26, 2018, 6:18:41 PM"
131.44.121.128,Web,"Jun 3, 2019, 4:03:04 PM"
50.84.232.82,Web,"Feb 12, 2019, 7:48:41 PM"
70.123.220.210,Web,"Mar 21, 2016, 3:00:15 AM"
131.44.121.130,Web,"Jan 7, 2019, 4:00:08 PM"
70.123.220.210,Web,"Sep 7, 2016, 12:27:49 AM"
107.77.221.172,Web,"Apr 1, 2019, 9:50:56 PM"
70.123.222.205,Web,"May 30, 2019, 12:59:10 AM"
180.94.91.210,Web,"Dec 14, 2016, 1:44:09 AM"
131.44.121.128,Web,"Apr 25, 2018, 5:50:36 PM"
131.44.121.129,Web,"Dec 20, 2018, 5:25:06 PM"
131.44.121.128,Web,"Jun 7, 2019, 2:41:38 PM"
131.44.121.128,Web,"Nov 19, 2018, 4:31:10 PM"
131.44.121.130,Web,"Nov 29, 2018, 5:28:08 PM"
131.44.121.128,Web,"Mar 4, 2019, 7:42:07 PM"
70.123.222.205,Web,"Feb 15, 2018, 4:50:38 AM"
70.123.222.205,Web,"Nov 16, 2018, 12:56:26 AM"
70.123.222.205,Web,"Sep 26, 2018, 2:00:44 AM"
131.44.121.129,Web,"Oct 23, 2018, 6:16:11 PM"
131.44.121.130,Web,"Jan 30, 2019, 3:11:01 PM"
131.44.121.129,Web,"Oct 22, 2018, 6:13:24 PM"
131.44.121.128,Web,"Jan 28, 2019, 5:54:40 PM"
131.44.121.129,Web,"Oct 25, 2018, 7:54:56 PM"
209.155.31.195,Web,"Jul 31, 2016, 2:28:57 AM"
131.44.121.129,Web,"Jun 3, 2019, 8:35:46 PM"
131.44.121.129,Web,"Jun 3, 2019, 8:35:37 PM"
107.77.221.172,Web,"Apr 1, 2019, 9:51:01 PM"
131.44.121.130,Web,"Aug 15, 2018, 3:45:34 PM"
131.44.121.130,Web,"Aug 20, 2018, 12:22:33 PM"
131.44.121.129,Web,"Oct 19, 2018, 1:00:20 PM"
131.44.121.129,Web,"Feb 25, 2019, 7:55:34 PM"
131.44.121.130,Web,"Feb 4, 2019, 3:21:08 PM"
131.44.121.129,Web,"May 28, 2019, 1:14:52 PM"
70.123.220.210,Web,"Dec 4, 2017, 1:38:53 AM"
70.123.220.210,Web,"Feb 15, 2016, 1:49:02 AM"
131.44.121.129,Web,"Jan 29, 2019, 2:40:31 PM"
166.216.159.66,Web,"Aug 9, 2016, 2:01:43 PM"
131.44.121.128,Web,"Oct 10, 2018, 4:26:50 PM"
131.44.121.129,Web,"May 29, 2019, 1:55:55 PM"
131.44.121.128,Web,"May 22, 2019, 2:10:40 PM"
70.123.222.205,Web,"Nov 17, 2018, 5:16:29 PM"
180.94.91.210,Web,"Oct 21, 2016, 10:34:05 AM"
131.44.121.130,Web,"May 30, 2019, 1:17:40 PM"
131.44.121.129,Web,"Nov 26, 2018, 3:55:31 PM"
214.27.75.132,Web,"Dec 27, 2016, 10:23:24 AM"
70.123.222.205,Web,"Jun 13, 2019, 10:22:24 PM"
131.44.121.130,Web,"Jun 17, 2019, 2:53:23 PM"
131.44.121.129,Web,"Jun 18, 2019, 1:37:32 PM"
131.44.121.128,Web,"Jun 19, 2019, 2:56:55 PM"
131.44.121.128,Web,"Jun 20, 2019, 1:01:56 PM"
131.44.121.128,Web,"Jun 21, 2019, 2:06:38 PM"
70.123.222.205,Web,"Jun 22, 2019, 9:54:06 PM"
131.44.121.130,Web,"Jun 24, 2019, 3:05:37 PM"
131.44.121.129,Web,"Jun 25, 2019, 1:36:09 PM"
131.44.121.129,Web,"Jun 26, 2019, 2:22:16 PM"
131.44.121.128,Web,"Jun 28, 2019, 4:26:30 PM"
70.123.222.205,Web,"Jun 28, 2019, 11:00:41 PM"
131.44.121.129,Web,"Jul 1, 2019, 2:41:24 PM"
131.44.121.130,Web,"Jul 3, 2019, 1:20:17 PM"
131.44.121.128,Web,"Jul 8, 2019, 7:03:49 PM"
131.44.121.129,Web,"Jul 15, 2019, 1:32:55 PM"
131.44.121.129,Web,"Jul 16, 2019, 2:03:10 PM"
131.44.121.130,Web,"Jul 17, 2019, 1:56:38 PM"
131.44.121.129,Web,"Jul 19, 2019, 2:19:00 PM"
131.44.121.129,Web,"Jul 25, 2019, 1:55:01 PM"
131.44.121.130,Web,"Jul 26, 2019, 12:43:54 PM"
131.44.121.130,Web,"Jul 29, 2019, 1:53:32 PM"
131.44.121.128,Web,"Jul 30, 2019, 1:56:24 PM"
131.44.121.128,Web,"Aug 5, 2019, 5:16:06 PM"
131.44.121.130,Web,"Aug 6, 2019, 4:10:29 PM"
70.123.222.205,Web,"Aug 10, 2019, 4:00:37 PM"
131.44.121.128,Web,"Aug 12, 2019, 2:30:12 PM"
131.44.121.128,Web,"Aug 13, 2019, 1:11:48 PM"
70.123.222.205,Web,"Aug 17, 2019, 12:53:16 AM"
131.44.121.129,Web,"Aug 19, 2019, 1:56:17 PM"
131.44.121.128,Web,"Aug 19, 2019, 9:09:36 PM"
131.44.121.128,Web,"Aug 20, 2019, 9:14:10 PM"
131.44.121.128,Web,"Aug 21, 2019, 2:59:34 PM"
131.44.121.130,Web,"Aug 22, 2019, 2:14:19 PM"
131.44.121.130,Web,"Aug 26, 2019, 3:05:47 PM"
131.44.121.128,Web,"Aug 27, 2019, 12:55:25 PM"
131.44.121.130,Web,"Aug 29, 2019, 2:48:38 PM"
131.44.121.130,Web,"Sep 3, 2019, 2:35:51 PM"
131.44.121.130,Web,"Sep 3, 2019, 3:50:49 PM"
70.123.222.205,Web,"Sep 6, 2019, 11:21:47 PM"
70.123.222.205,Web,"Sep 19, 2019, 1:00:49 AM"
70.123.222.205,Web,"Sep 29, 2019, 10:54:30 AM"
107.77.217.9,Web,"Oct 14, 2019, 2:49:52 PM"
107.77.217.80,Web,"Oct 17, 2019, 8:29:28 PM"
107.77.217.80,Web,"Oct 17, 2019, 8:30:39 PM"
70.123.222.205,Web,"Oct 25, 2019, 4:30:57 PM"
70.123.222.205,Web,"Nov 28, 2019, 8:50:16 PM"
107.77.219.182,Web,"Dec 20, 2019, 3:40:56 PM"
70.123.222.205,Web,"Jan 3, 2020, 10:33:50 PM"
70.123.222.205,Web,"Jan 11, 2020, 2:09:29 AM"
70.123.222.205,Web,"Mar 15, 2020, 11:47:25 PM"
70.123.222.205,Web,"Apr 10, 2020, 11:54:02 PM"
70.123.222.205,Web,"Apr 19, 2020, 12:42:31 PM"
70.123.222.205,Web,"Apr 27, 2020, 8:45:59 PM"
70.123.222.205,Web,"May 9, 2020, 12:09:41 PM"
192.82.51.57,Web,"May 11, 2020, 12:15:22 PM"
192.82.51.57,Web,"May 26, 2020, 4:04:28 PM"
192.82.51.57,Web,"May 27, 2020, 2:22:52 PM"
70.123.222.205,Web,"May 31, 2020, 3:50:14 PM"
70.123.222.205,Web,"Jun 21, 2020, 8:21:22 PM"
70.123.222.205,Web,"Jul 10, 2020, 10:46:28 PM"
107.77.218.99,Web,"Jul 11, 2020, 1:15:49 PM"
70.123.222.205,Web,"Aug 17, 2020, 12:10:07 AM"
136.149.136.96,Web,"Sep 1, 2020, 7:56:20 PM"
136.149.136.96,Web,"Sep 2, 2020, 2:55:44 PM"
70.123.222.205,Web,"Sep 3, 2020, 12:57:13 AM"
136.149.136.96,Web,"Oct 13, 2020, 2:01:39 PM"
136.149.136.96,Web,"Oct 14, 2020, 2:15:48 PM"
70.123.222.205,Web,"Oct 19, 2020, 1:19:31 PM"
136.149.136.96,Web,"Nov 13, 2020, 2:33:25 PM"
136.149.136.96,Web,"Dec 11, 2020, 2:35:24 PM"
136.149.136.96,Web,"Dec 14, 2020, 3:36:01 PM"
70.123.222.205,Web,"Dec 24, 2020, 2:00:42 AM"
136.149.136.96,Web,"Jan 13, 2021, 4:16:52 PM"
136.149.136.96,Web,"Jan 14, 2021, 4:19:31 PM"
70.123.222.205,Mobile,"Feb 1, 2021, 12:03:17 PM"
136.149.136.96,Web,"Feb 1, 2021, 2:23:22 PM"
136.149.136.96,Web,"Feb 2, 2021, 2:59:02 PM"
136.149.136.96,Web,"Mar 1, 2021, 2:38:06 PM"
136.149.136.96,Web,"Mar 5, 2021, 2:27:22 PM"
66.69.49.193,Web,"Mar 26, 2021, 11:22:20 PM"
136.149.136.96,Web,"Apr 5, 2021, 12:54:25 PM"
66.69.49.193,Web,"Apr 30, 2021, 11:25:31 PM"
107.77.221.9,Web,"May 6, 2021, 7:23:02 PM"
2600:387:a:5::7f,Web,"May 6, 2021, 8:26:36 PM"
136.149.136.96,Web,"May 10, 2021, 2:05:13 PM"
136.149.136.96,Web,"May 11, 2021, 1:58:54 PM"
66.69.49.193,Web,"Jun 3, 2021, 12:50:32 AM"
136.149.136.96,Web,"Jun 10, 2021, 2:51:56 PM"
66.69.49.193,Web,"Jun 17, 2021, 11:21:22 PM"
136.149.136.171,Web,"Jun 22, 2021, 1:32:09 PM"
66.69.49.193,Web,"Jul 5, 2021, 11:10:57 PM"
136.149.136.171,Web,"Jul 6, 2021, 1:27:13 PM"
136.149.136.171,Web,"Jul 7, 2021, 12:52:14 PM"
136.149.136.96,Web,"Jul 26, 2021, 12:39:09 PM"
168.245.155.5,Web,"Aug 10, 2021, 3:59:52 PM"
66.69.49.193,Web,"Aug 11, 2021, 1:26:53 PM"
66.69.49.193,Web,"Aug 17, 2021, 12:20:39 AM"
168.245.155.30,Web,"Sep 10, 2021, 5:35:30 PM"
216.24.45.27,Web,"Sep 14, 2021, 1:07:44 PM"
66.69.49.193,Web,"Sep 17, 2021, 10:11:26 PM"
66.69.49.193,Web,"Oct 19, 2021, 3:51:28 PM"
168.245.155.38,Web,"Oct 20, 2021, 2:53:40 PM"
136.149.136.96,Web,"Oct 22, 2021, 5:21:56 PM"
216.24.45.21,Web,"Nov 19, 2021, 2:55:29 PM"
66.69.49.193,Web,"Nov 26, 2021, 3:21:27 AM"
66.69.49.193,Web,"Dec 12, 2021, 11:29:11 PM"
216.24.45.25,Web,"Dec 20, 2021, 2:29:40 PM"
66.69.49.193,Web,"Jan 6, 2022, 3:21:58 AM"
168.245.155.57,Web,"Jan 10, 2022, 5:55:46 PM"
66.69.49.193,Web,"Feb 5, 2022, 8:51:16 PM"
168.245.155.41,Web,"Feb 14, 2022, 3:40:26 PM"
168.245.155.53,Web,"Feb 15, 2022, 11:45:00 AM"
66.69.49.193,Web,"Mar 8, 2022, 11:23:11 PM"
166.205.190.110,Web,"Mar 10, 2022, 10:15:37 AM"
216.24.45.31,Web,"Mar 21, 2022, 10:19:22 AM"
66.69.49.193,Web,"Apr 10, 2022, 12:56:54 AM"
216.24.45.24,Web,"Apr 11, 2022, 3:14:03 PM"
168.245.155.60,Web,"Apr 11, 2022, 4:25:27 PM"
2600:387:c:7016::7,Web,"Apr 17, 2022, 1:35:40 PM"
66.69.49.193,Web,"Apr 24, 2022, 12:35:29 AM"
216.24.45.36,Web,"May 16, 2022, 3:08:42 PM"
136.149.136.131,Web,"May 16, 2022, 4:10:12 PM"
216.24.45.12,Web,"May 19, 2022, 2:24:18 PM"
168.245.155.62,Web,"May 20, 2022, 1:07:03 PM"
66.69.49.193,Web,"May 22, 2022, 1:20:01 AM"
168.245.155.55,Web,"Jun 9, 2022, 1:49:40 PM"
136.149.136.131,Web,"Jun 10, 2022, 3:07:18 PM"
66.69.49.193,Web,"Jun 11, 2022, 7:53:08 PM"
